0,test.csv,17:22:01,1,test2
1,test.csv,17:22:01,1,test2
2,test.csv,17:22:01,1,test2
3,test.csv,17:22:01,1,test2
4,test.csv,17:22:01,1,test2
5,test.csv,17:22:01,1,test2
6,test.csv,17:22:01,1,test2
7,test.csv,17:22:01,1,test2
8,test.csv,17:22:01,1,test2
9,test.csv,17:22:01,1,test2
10,test.csv,17:22:01,1,test2
11,test.csv,17:22:01,1,test2
12,test.csv,17:22:01,1,test2
13,test.csv,17:22:01,1,test2
14,test.csv,17:22:01,1,test2
15,test.csv,17:22:01,1,test2
16,test.csv,17:22:01,1,test2
17,test.csv,17:22:01,1,test2
18,test.csv,17:22:01,1,test2
19,test.csv,17:22:01,1,test2
20,test.csv,17:22:01,1,test2
21,test.csv,17:22:01,1,test2
22,test.csv,17:22:01,1,test2
23,test.csv,17:22:02,1,test2
24,test.csv,17:22:02,1,test2
25,test.csv,17:22:02,1,test2
26,test.csv,17:22:02,1,test2
27,test.csv,17:22:02,1,test2
28,test.csv,17:22:02,1,test2
29,test.csv,17:22:02,1,test2
30,test.csv,17:22:02,1,test2
31,test.csv,17:22:02,1,test2
32,test.csv,17:22:02,1,test2
33,test.csv,17:22:02,1,test2
34,test.csv,17:22:02,1,test2
35,test.csv,17:22:02,1,test2
36,test.csv,17:22:02,1,test2
37,random5.csv,17:22:02,1,test2
38,random5.csv,17:22:02,1,test2
39,random5.csv,17:22:02,1,test2
40,random5.csv,17:22:02,0,test1
41,random5.csv,17:22:02,1,test2
42,random5.csv,17:22:02,1,test2
43,random5.csv,17:22:02,1,test2
44,random5.csv,17:22:02,1,test2
45,random5.csv,17:22:02,1,test2
46,random5.csv,17:22:02,1,test2
47,random5.csv,17:22:02,1,test2
48,random5.csv,17:22:02,1,test2
49,random5.csv,17:22:02,1,test2
50,random5.csv,17:22:02,1,test2
51,random5.csv,17:22:02,1,test2
52,random5.csv,17:22:02,1,test2
53,random0.csv,17:22:02,1,test2
54,random0.csv,17:22:02,1,test2
55,random0.csv,17:22:02,1,test2
56,random0.csv,17:22:02,1,test2
57,random0.csv,17:22:02,1,test2
58,random0.csv,17:22:02,1,test2
59,random0.csv,17:22:02,1,test2
60,random0.csv,17:22:02,1,test2
61,random0.csv,17:22:02,1,test2
62,random0.csv,17:22:02,1,test2
63,random0.csv,17:22:02,1,test2
64,random0.csv,17:22:02,1,test2
65,random0.csv,17:22:02,1,test2
66,random0.csv,17:22:02,0,test1
67,random0.csv,17:22:02,1,test2
68,random0.csv,17:22:02,1,test2
69,test1.csv,17:22:02,1,test2
70,test1.csv,17:22:02,1,test2
71,test1.csv,17:22:02,1,test2
72,test1.csv,17:22:02,1,test2
73,test1.csv,17:22:02,1,test2
74,test1.csv,17:22:02,1,test2
75,test1.csv,17:22:02,1,test2
76,test1.csv,17:22:02,1,test2
77,test1.csv,17:22:02,1,test2
78,test1.csv,17:22:02,1,test2
79,test1.csv,17:22:02,1,test2
80,test1.csv,17:22:02,1,test2
81,test1.csv,17:22:02,1,test2
82,test1.csv,17:22:02,1,test2
83,test1.csv,17:22:02,1,test2
84,test1.csv,17:22:02,1,test2
85,test0.csv,17:22:02,1,test2
86,test0.csv,17:22:02,1,test2
87,test0.csv,17:22:02,1,test2
88,test0.csv,17:22:02,1,test2
89,test0.csv,17:22:02,1,test2
90,test0.csv,17:22:02,1,test2
91,test0.csv,17:22:02,1,test2
92,test0.csv,17:22:02,1,test2
93,test0.csv,17:22:02,1,test2
94,test0.csv,17:22:02,1,test2
95,test0.csv,17:22:02,1,test2
96,test0.csv,17:22:02,1,test2
97,test0.csv,17:22:02,1,test2
98,test0.csv,17:22:02,1,test2
99,test0.csv,17:22:02,1,test2
100,test0.csv,17:22:02,1,test2
